[
  {"district":"Anantapur", "state":1},{"district":"Chittoor", "state":1},{"district":"East Godavari", "state":1},{"district":"Guntur", "state":1},
  {"district":"Kadapa", "state":1},{"district":"Krishna", "state":1},{"district":"Kurnool", "state":1},{"district":"Nellore(Sri Potti Sri Ramuli Nellore)", "state":1},
  {"district":"Prakasam", "state":1},{"district":"Srikakulam", "state":1},{"district":"Visakhapatnam", "state":1},{"district":"Vizianagaram", "state":1},
  {"district":"West Godavari", "state":1}
]